season,dow,hour,n_hours,carbon_gco2_kwh,consumption_gal_mwh,withdrawal_gal_mwh
DJF,Mon,1,13,378.1205,300.2505,8298.3469
DJF,Mon,2,13,374.4571,300.6898,8356.2087
DJF,Mon,3,13,373.5498,300.4708,8363.5532
DJF,Mon,4,13,373.8824,300.1528,8349.4747
DJF,Mon,5,13,375.4393,298.8866,8287.4484
DJF,Mon,6,13,374.5314,294.5335,8119.0778
DJF,Mon,7,13,372.2759,285.9580,7796.4478
DJF,Mon,8,13,375.9317,280.9739,7555.8801
DJF,Mon,9,13,376.7764,279.6645,7487.1122
DJF,Mon,10,13,372.3923,280.1407,7534.0720
DJF,Mon,11,13,371.4447,281.8052,7591.2812
DJF,Mon,12,13,369.5132,283.0905,7668.6565
DJF,Mon,13,13,367.1372,283.3521,7712.5974
DJF,Mon,14,13,365.9074,283.6669,7738.5934
DJF,Mon,15,13,365.3619,284.5934,7794.6329
DJF,Mon,16,13,367.9612,285.8181,7829.5941
DJF,Mon,17,13,378.3135,288.6171,7820.6641
DJF,Mon,18,13,383.7405,285.6144,7629.4597
DJF,Mon,19,13,387.4395,283.8423,7514.6090
DJF,Mon,20,13,387.4518,284.5616,7530.6972
DJF,Mon,21,13,386.3751,285.5132,7573.9819
DJF,Mon,22,13,388.4865,289.5922,7710.7991
DJF,Mon,23,13,389.7472,294.5447,7906.7827
DJF,Mon,24,13,387.1436,297.7828,8069.8189
DJF,Tue,1,13,383.7119,299.4268,8182.8301
DJF,Tue,2,13,380.7365,300.0523,8255.9162
DJF,Tue,3,13,379.3870,300.3061,8288.6928
DJF,Tue,4,13,379.6006,299.9742,8282.1465
DJF,Tue,5,13,379.6829,298.7589,8242.7460
DJF,Tue,6,13,378.6963,293.9525,8079.9014
DJF,Tue,7,13,376.1295,285.2549,7749.8978
DJF,Tue,8,13,377.9128,280.2379,7520.8225
DJF,Tue,9,13,376.3696,278.6272,7456.5359
DJF,Tue,10,13,370.2365,279.6709,7546.7806
DJF,Tue,11,13,367.8785,281.6960,7647.3764
DJF,Tue,12,13,364.5579,282.2724,7713.0879
DJF,Tue,13,13,360.4049,282.3290,7771.8663
DJF,Tue,14,13,357.7331,282.8224,7822.8380
DJF,Tue,15,13,355.8621,283.6140,7886.2600
DJF,Tue,16,13,359.4034,284.8181,7901.3582
DJF,Tue,17,13,370.1078,288.7990,7925.9059
DJF,Tue,18,13,376.0565,286.9024,7771.9197
DJF,Tue,19,13,378.7249,285.0321,7652.8355
DJF,Tue,20,13,378.8883,285.9215,7667.1534
DJF,Tue,21,13,378.9182,287.7407,7730.6002
DJF,Tue,22,13,378.0677,290.4246,7860.2478
DJF,Tue,23,13,377.4858,294.3486,8049.3571
DJF,Tue,24,13,374.6714,296.9936,8207.9155
DJF,Wed,1,13,370.4965,298.6167,8345.7199
DJF,Wed,2,13,366.2372,299.7417,8450.2156
DJF,Wed,3,13,364.3950,300.4241,8506.4772
DJF,Wed,4,13,362.1487,299.8224,8523.2168
DJF,Wed,5,13,361.4865,299.5182,8525.9557
DJF,Wed,6,13,361.9926,296.5299,8392.5808
DJF,Wed,7,13,361.8257,288.6394,8061.3077
DJF,Wed,8,13,365.6050,283.9438,7818.6985
DJF,Wed,9,13,366.0762,283.6654,7784.7904
DJF,Wed,10,13,361.2228,284.9469,7874.5920
DJF,Wed,11,13,358.3398,285.6425,7938.9422
DJF,Wed,12,13,354.4850,285.3512,7980.2196
DJF,Wed,13,13,350.8579,284.6800,8009.9161
DJF,Wed,14,13,349.0520,284.0899,8021.2679
DJF,Wed,15,13,348.9528,285.1089,8060.2007
DJF,Wed,16,13,351.7283,286.1224,8068.7600
DJF,Wed,17,13,361.2406,289.5893,8076.3885
DJF,Wed,18,13,368.2848,288.0958,7916.9542
DJF,Wed,19,13,372.7943,287.3412,7823.0030
DJF,Wed,20,13,373.4936,288.3092,7845.3933
DJF,Wed,21,13,374.6344,290.4273,7911.2921
DJF,Wed,22,13,376.2283,294.1195,8041.4109
DJF,Wed,23,13,375.9159,298.0335,8221.9383
DJF,Wed,24,13,372.7470,300.0466,8356.3455
DJF,Thu,1,13,368.8390,302.3441,8482.3821
DJF,Thu,2,13,366.8953,302.7264,8542.4200
DJF,Thu,3,13,366.6800,303.3928,8578.8239
DJF,Thu,4,13,367.4629,303.8046,8593.5707
DJF,Thu,5,13,368.9625,303.5444,8574.4433
DJF,Thu,6,13,370.9927,300.3489,8432.4719
DJF,Thu,7,13,371.3192,292.8463,8126.0717
DJF,Thu,8,13,374.3176,288.7073,7913.4635
DJF,Thu,9,13,373.4871,287.4015,7859.7687
DJF,Thu,10,13,364.6060,286.3044,7910.6973
DJF,Thu,11,13,359.4612,286.2860,7962.5430
DJF,Thu,12,13,355.9051,286.9584,8031.3750
DJF,Thu,13,13,353.4735,287.9633,8099.4810
DJF,Thu,14,13,351.9321,288.6308,8141.8770
DJF,Thu,15,13,353.1150,290.2154,8186.6205
DJF,Thu,16,13,357.3702,292.0003,8205.5912
DJF,Thu,17,13,367.4869,294.2757,8169.5826
DJF,Thu,18,13,373.8089,291.6462,7992.6178
DJF,Thu,19,13,376.5584,289.3546,7858.8231
DJF,Thu,20,13,377.7831,289.8589,7853.8097
DJF,Thu,21,13,378.0393,291.0244,7892.2850
DJF,Thu,22,13,379.6919,294.5614,8023.1635
DJF,Thu,23,13,380.6079,298.6904,8199.6684
DJF,Thu,24,13,377.4008,300.8425,8336.6428
DJF,Fri,1,13,373.0353,302.8362,8462.3036
DJF,Fri,2,13,368.9025,303.1400,8530.6350
DJF,Fri,3,13,366.5674,303.3837,8570.0111
DJF,Fri,4,13,365.3999,303.2806,8580.0427
DJF,Fri,5,13,364.8653,301.7668,8528.9798
DJF,Fri,6,13,365.5552,296.9786,8340.6181
DJF,Fri,7,13,365.9948,289.3643,8026.1612
DJF,Fri,8,13,369.9223,284.7484,7790.6593
DJF,Fri,9,13,368.7992,282.8297,7711.2603
DJF,Fri,10,13,362.5719,282.2149,7743.8572
DJF,Fri,11,13,360.2989,283.3691,7810.5043
DJF,Fri,12,13,357.6728,283.7817,7858.0980
DJF,Fri,13,13,355.3382,284.5144,7921.5439
DJF,Fri,14,13,354.8023,285.4104,7972.5876
DJF,Fri,15,13,354.5667,286.9398,8036.5141
DJF,Fri,16,13,356.8106,288.5885,8071.7699
DJF,Fri,17,13,364.9604,290.4304,8042.8712
DJF,Fri,18,13,372.0456,289.0399,7901.8601
DJF,Fri,19,13,377.6460,288.8838,7830.9576
DJF,Fri,20,13,379.7285,290.3733,7866.3049
DJF,Fri,21,13,379.5364,292.2163,7929.4911
DJF,Fri,22,13,380.2775,295.0287,8039.2282
DJF,Fri,23,13,379.6919,297.5021,8164.3675
DJF,Fri,24,13,377.3246,299.8581,8298.1490
DJF,Sat,1,13,374.4968,302.0205,8425.3102
DJF,Sat,2,13,372.0895,302.8339,8495.5222
DJF,Sat,3,13,370.4083,303.5008,8545.7017
DJF,Sat,4,13,370.6942,304.0899,8573.1830
DJF,Sat,5,13,372.4502,304.4964,8576.7463
DJF,Sat,6,13,373.2946,303.1455,8522.0356
DJF,Sat,7,13,373.4510,300.6417,8417.8131
DJF,Sat,8,13,374.4073,297.2454,8261.9543
DJF,Sat,9,13,371.8199,293.4681,8139.5206
DJF,Sat,10,13,365.3182,290.2822,8087.3648
DJF,Sat,11,13,361.5546,289.4889,8099.3663
DJF,Sat,12,13,357.8123,289.7085,8158.4388
DJF,Sat,13,13,353.5006,289.7875,8214.1561
DJF,Sat,14,13,351.8315,290.0923,8248.3963
DJF,Sat,15,13,352.2209,290.8697,8287.2060
DJF,Sat,16,13,356.6500,292.5584,8309.9047
DJF,Sat,17,13,364.9701,294.5217,8282.7803
DJF,Sat,18,13,371.3588,292.3593,8112.0698
DJF,Sat,19,13,375.5151,290.7707,7999.4896
DJF,Sat,20,13,376.3326,291.5267,8022.0262
DJF,Sat,21,13,374.9527,291.9903,8053.8388
DJF,Sat,22,13,374.3271,293.7973,8136.8889
DJF,Sat,23,13,374.3772,296.1054,8247.1523
DJF,Sat,24,13,372.8391,298.2156,8373.6594
DJF,Sun,1,12,373.5522,301.1140,8476.1805
DJF,Sun,2,12,370.4167,301.9426,8551.0124
DJF,Sun,3,12,368.1509,302.6539,8601.5049
DJF,Sun,4,12,367.9242,303.1523,8621.4874
DJF,Sun,5,12,368.1160,303.1887,8622.0659
DJF,Sun,6,12,368.4544,302.3666,8593.5958
DJF,Sun,7,12,370.6550,300.6864,8493.0474
DJF,Sun,8,12,373.6643,298.9523,8357.9697
DJF,Sun,9,12,375.7820,297.1235,8238.5427
DJF,Sun,10,12,370.6579,294.4329,8173.4044
DJF,Sun,11,12,364.5673,292.0616,8151.0894
DJF,Sun,12,12,361.7810,291.3727,8158.0808
DJF,Sun,13,12,360.4869,290.7189,8150.2359
DJF,Sun,14,12,358.3914,290.5497,8172.1113
DJF,Sun,15,12,357.4736,290.5498,8186.0568
DJF,Sun,16,12,358.3891,290.0981,8153.2109
DJF,Sun,17,12,367.1170,291.1574,8087.8345
DJF,Sun,18,12,375.5040,288.7301,7888.8537
DJF,Sun,19,12,379.2359,287.1302,7768.2593
DJF,Sun,20,12,380.3426,288.2336,7787.1551
DJF,Sun,21,12,381.9521,290.0623,7844.9759
DJF,Sun,22,12,382.6855,293.2404,7956.9876
DJF,Sun,23,12,382.7511,295.8236,8069.5165
DJF,Sun,24,12,381.2336,297.7755,8174.3675
MAM,Mon,1,13,321.0276,302.3233,9057.8422
MAM,Mon,2,13,316.4199,302.5836,9133.6554
MAM,Mon,3,13,314.3219,302.8419,9173.9461
MAM,Mon,4,13,312.3521,302.7465,9196.7745
MAM,Mon,5,13,312.1698,301.5366,9137.5491
MAM,Mon,6,13,313.9926,298.0502,8971.1337
MAM,Mon,7,13,317.4293,289.4456,8577.8380
MAM,Mon,8,13,320.3176,282.8156,8274.1935
MAM,Mon,9,13,311.6988,276.2933,8110.6528
MAM,Mon,10,13,304.0876,273.0208,8074.7047
MAM,Mon,11,13,301.5158,271.1557,8023.2061
MAM,Mon,12,13,299.5146,269.2741,7960.4943
MAM,Mon,13,13,298.0785,268.7255,7951.2967
MAM,Mon,14,13,297.8957,268.6069,7943.9787
MAM,Mon,15,13,296.6192,267.9781,7936.1666
MAM,Mon,16,13,299.2330,268.7298,7941.6764
MAM,Mon,17,13,302.9032,268.6892,7922.3959
MAM,Mon,18,13,308.8249,268.4293,7855.3346
MAM,Mon,19,13,317.5424,269.9034,7824.7032
MAM,Mon,20,13,331.1469,274.7175,7855.9587
MAM,Mon,21,13,342.5865,278.1132,7847.7906
MAM,Mon,22,13,342.9217,280.9693,7939.0900
MAM,Mon,23,13,340.0479,286.9590,8220.5159
MAM,Mon,24,13,336.0115,293.9618,8524.6561
MAM,Tue,1,13,330.5046,298.2553,8730.1508
MAM,Tue,2,13,327.1953,300.2532,8860.7880
MAM,Tue,3,13,324.9744,301.1132,8939.3163
MAM,Tue,4,13,324.7020,301.8561,8986.9234
MAM,Tue,5,13,324.7403,301.6920,8977.6172
MAM,Tue,6,13,325.8973,297.2619,8789.7314
MAM,Tue,7,13,329.9811,290.1914,8440.4613
MAM,Tue,8,13,332.7523,283.7597,8132.4866
MAM,Tue,9,13,322.7424,277.0744,7972.5394
MAM,Tue,10,13,311.7039,272.8858,7938.2721
MAM,Tue,11,13,308.1100,270.9072,7914.5868
MAM,Tue,12,13,306.7431,269.9823,7901.7065
MAM,Tue,13,13,306.8888,269.8546,7896.2791
MAM,Tue,14,13,307.5754,269.3293,7867.2527
MAM,Tue,15,13,307.3756,268.4606,7843.4393
MAM,Tue,16,13,308.8396,268.4098,7827.0296
MAM,Tue,17,13,312.8322,268.7253,7786.1593
MAM,Tue,18,13,319.6898,269.5777,7746.2170
MAM,Tue,19,13,331.8054,273.3243,7765.9100
MAM,Tue,20,13,347.0042,279.1653,7823.8611
MAM,Tue,21,13,355.7636,282.1825,7826.8856
MAM,Tue,22,13,356.5120,285.4214,7925.1808
MAM,Tue,23,13,354.8049,291.6671,8206.9308
MAM,Tue,24,13,349.9258,298.9133,8520.4182
MAM,Wed,1,13,345.5928,303.9183,8754.7023
MAM,Wed,2,13,341.9843,305.4037,8857.5076
MAM,Wed,3,13,337.5242,305.6672,8944.0155
MAM,Wed,4,13,335.0192,305.5056,8983.5254
MAM,Wed,5,13,335.1481,305.3363,8975.4345
MAM,Wed,6,13,337.3032,302.5634,8842.6079
MAM,Wed,7,13,340.9816,295.3888,8516.1249
MAM,Wed,8,13,341.6076,287.8858,8201.5543
MAM,Wed,9,13,334.1178,281.2650,8024.9272
MAM,Wed,10,13,325.4039,277.2011,7967.3309
MAM,Wed,11,13,321.2877,275.0786,7913.3513
MAM,Wed,12,13,318.0195,273.3395,7883.4234
MAM,Wed,13,13,313.8162,271.9786,7873.4006
MAM,Wed,14,13,314.0737,271.8803,7855.6089
MAM,Wed,15,13,314.1354,272.1770,7865.0707
MAM,Wed,16,13,316.0513,272.5141,7864.3260
MAM,Wed,17,13,318.8612,272.2335,7836.6458
MAM,Wed,18,13,323.5356,272.1582,7797.2043
MAM,Wed,19,13,332.0479,274.9032,7813.1409
MAM,Wed,20,13,342.0086,279.0457,7857.6418
MAM,Wed,21,13,348.7292,281.0212,7852.7102
MAM,Wed,22,13,350.5216,284.5075,7967.0449
MAM,Wed,23,13,349.0493,291.7494,8276.2835
MAM,Wed,24,13,346.0199,299.4792,8590.1546
MAM,Thu,1,13,341.6997,305.1228,8836.4991
MAM,Thu,2,13,338.8786,307.0726,8957.3130
MAM,Thu,3,13,334.4526,307.6988,9059.9569
MAM,Thu,4,13,333.3503,308.6614,9113.4605
MAM,Thu,5,13,333.5371,309.0451,9130.0889
MAM,Thu,6,13,334.6476,306.1623,9007.2050
MAM,Thu,7,13,335.4322,297.9405,8674.3921
MAM,Thu,8,13,335.3306,290.2009,8353.7646
MAM,Thu,9,13,325.7662,282.9615,8164.2703
MAM,Thu,10,13,316.3104,278.6842,8101.0625
MAM,Thu,11,13,310.5504,275.8925,8038.7718
MAM,Thu,12,13,307.3620,273.9176,8007.3047
MAM,Thu,13,13,304.2436,272.5090,7997.4114
MAM,Thu,14,13,303.1195,271.1594,7963.7419
MAM,Thu,15,13,302.8189,271.0537,7969.4480
MAM,Thu,16,13,302.6633,271.0021,7977.4783
MAM,Thu,17,13,303.4068,270.9218,7965.2138
MAM,Thu,18,13,307.9467,271.1599,7938.4520
MAM,Thu,19,13,317.7245,274.2552,7965.0612
MAM,Thu,20,13,332.5703,280.0417,8029.8511
MAM,Thu,21,13,342.0264,283.3579,8039.5196
MAM,Thu,22,13,344.0098,286.7376,8131.5483
MAM,Thu,23,13,343.0106,293.6296,8424.3194
MAM,Thu,24,13,338.8377,300.5485,8725.3098
MAM,Fri,1,13,331.6301,304.9335,8956.4421
MAM,Fri,2,13,326.8618,305.5055,9047.4413
MAM,Fri,3,13,323.2385,305.3029,9102.3790
MAM,Fri,4,13,321.3985,305.1455,9133.5065
MAM,Fri,5,13,320.6979,304.8277,9131.6227
MAM,Fri,6,13,322.5562,303.0603,9025.4712
MAM,Fri,7,13,324.2261,296.1447,8724.9904
MAM,Fri,8,13,324.5590,288.5979,8419.6900
MAM,Fri,9,13,314.2851,279.9462,8222.7152
MAM,Fri,10,13,305.4134,275.8170,8163.9700
MAM,Fri,11,13,301.6091,274.2078,8129.9238
MAM,Fri,12,13,298.9699,272.9360,8115.7215
MAM,Fri,13,13,298.3383,273.2123,8139.9268
MAM,Fri,14,13,299.2193,273.1580,8131.7912
MAM,Fri,15,13,300.6042,273.5955,8134.3088
MAM,Fri,16,13,301.7976,273.9023,8136.8747
MAM,Fri,17,13,304.4311,274.3302,8126.3564
MAM,Fri,18,13,309.7426,275.7052,8121.3684
MAM,Fri,19,13,320.1299,279.7504,8155.8669
MAM,Fri,20,13,328.9056,284.2146,8225.2766
MAM,Fri,21,13,334.8636,286.4142,8227.1922
MAM,Fri,22,13,336.2366,288.6339,8290.3734
MAM,Fri,23,13,334.9838,293.7835,8520.1385
MAM,Fri,24,13,331.7479,300.1510,8799.6687
MAM,Sat,1,13,328.2511,306.2224,9087.6652
MAM,Sat,2,13,325.3561,309.1273,9242.2262
MAM,Sat,3,13,323.5001,310.6345,9339.9642
MAM,Sat,4,13,320.9161,311.4932,9420.8587
MAM,Sat,5,13,321.9697,312.7063,9463.3300
MAM,Sat,6,13,321.2948,311.9351,9442.7505
MAM,Sat,7,13,319.6034,309.2849,9370.7688
MAM,Sat,8,13,314.7879,302.8276,9166.0632
MAM,Sat,9,13,304.0544,292.4911,8873.3872
MAM,Sat,10,13,294.8231,285.2822,8694.3498
MAM,Sat,11,13,291.0236,281.8807,8597.5366
MAM,Sat,12,13,287.0235,279.5066,8555.3805
MAM,Sat,13,13,281.0943,277.5981,8565.4924
MAM,Sat,14,13,278.5863,276.6645,8565.6534
MAM,Sat,15,13,276.4768,275.8958,8557.7064
MAM,Sat,16,13,279.3368,276.1627,8534.6614
MAM,Sat,17,13,284.8725,276.1336,8468.9579
MAM,Sat,18,13,292.0576,276.9136,8416.0708
MAM,Sat,19,13,302.7982,280.6436,8434.2876
MAM,Sat,20,13,314.2617,285.3903,8466.4387
MAM,Sat,21,13,321.7479,286.9392,8427.8224
MAM,Sat,22,13,322.5278,288.9206,8487.2459
MAM,Sat,23,13,323.1882,294.4859,8709.6566
MAM,Sat,24,13,321.4409,300.4306,8959.7055
MAM,Sun,1,14,317.8751,303.5220,9130.8215
MAM,Sun,2,14,313.9648,304.9934,9248.7852
MAM,Sun,3,14,310.9266,304.4664,9264.4420
MAM,Sun,4,14,308.6029,305.3937,9340.0639
MAM,Sun,5,14,307.9307,305.8929,9371.9101
MAM,Sun,6,14,305.9869,304.8065,9353.7363
MAM,Sun,7,14,304.5370,302.6998,9290.7348
MAM,Sun,8,14,301.0356,296.7227,9085.3251
MAM,Sun,9,14,289.5379,287.2196,8831.8211
MAM,Sun,10,14,281.1501,280.7676,8673.3667
MAM,Sun,11,14,277.1283,277.9350,8612.3269
MAM,Sun,12,14,273.2711,275.7964,8583.5225
MAM,Sun,13,14,270.1711,274.7467,8581.5557
MAM,Sun,14,14,267.5551,274.0077,8576.0127
MAM,Sun,15,14,268.6282,273.3374,8538.4444
MAM,Sun,16,14,271.4040,272.8610,8494.4665
MAM,Sun,17,14,277.6529,273.0109,8417.4080
MAM,Sun,18,14,289.1947,274.3983,8348.2141
MAM,Sun,19,14,300.4731,276.6123,8299.7938
MAM,Sun,20,14,314.9524,281.0173,8292.9594
MAM,Sun,21,14,328.0149,284.7900,8284.0269
MAM,Sun,22,14,331.4602,288.7671,8386.3841
MAM,Sun,23,14,330.6063,295.1504,8659.1870
MAM,Sun,24,13,329.0995,301.6712,8929.0179
JJA,Mon,1,14,376.0540,306.6702,8473.4089
JJA,Mon,2,14,369.7502,307.4718,8630.1572
JJA,Mon,3,14,364.1690,308.1313,8767.6666
JJA,Mon,4,14,359.8175,309.0216,8880.6333
JJA,Mon,5,14,359.1283,308.7009,8886.7494
JJA,Mon,6,14,362.6079,307.3289,8774.6508
JJA,Mon,7,14,366.8154,304.6077,8589.4090
JJA,Mon,8,14,365.5308,298.2635,8326.5475
JJA,Mon,9,14,356.9284,289.3884,8058.4788
JJA,Mon,10,14,352.1324,283.0801,7855.3891
JJA,Mon,11,14,350.5175,278.3971,7662.9149
JJA,Mon,12,14,351.8715,275.1178,7496.4412
JJA,Mon,13,14,354.8923,271.3534,7307.8861
JJA,Mon,14,14,359.4329,268.5924,7143.7146
JJA,Mon,15,14,359.8337,265.2427,7011.9150
JJA,Mon,16,14,361.7212,263.3953,6920.1965
JJA,Mon,17,14,363.7239,262.5174,6861.2598
JJA,Mon,18,14,367.4508,263.2141,6842.0364
JJA,Mon,19,14,373.4683,266.6806,6909.9917
JJA,Mon,20,14,383.8761,273.0231,7049.4177
JJA,Mon,21,14,390.8612,278.9297,7203.7885
JJA,Mon,22,14,393.1318,283.8663,7366.8300
JJA,Mon,23,14,393.6747,293.0810,7701.1556
JJA,Mon,24,14,389.3407,300.8170,8060.3575
JJA,Tue,1,13,381.3399,305.5853,8399.4836
JJA,Tue,2,13,373.2193,306.7357,8562.3539
JJA,Tue,3,13,366.8220,307.1262,8693.0785
JJA,Tue,4,13,361.6838,308.0035,8821.0556
JJA,Tue,5,13,359.5586,307.9584,8852.1345
JJA,Tue,6,13,362.8440,306.6900,8751.0537
JJA,Tue,7,13,368.9125,304.6056,8568.9968
JJA,Tue,8,13,366.7286,298.3600,8322.7728
JJA,Tue,9,13,356.7590,289.4266,8074.6988
JJA,Tue,10,13,351.4722,283.5645,7902.8884
JJA,Tue,11,13,352.4035,279.8746,7728.2191
JJA,Tue,12,13,352.5627,276.6370,7593.5807
JJA,Tue,13,13,353.5852,273.1057,7427.9479
JJA,Tue,14,13,356.7656,269.3365,7230.1650
JJA,Tue,15,13,358.9445,266.3713,7094.0547
JJA,Tue,16,13,360.0832,264.3782,7004.2404
JJA,Tue,17,13,361.6107,263.0920,6931.5315
JJA,Tue,18,13,364.4848,263.0564,6886.4861
JJA,Tue,19,13,370.9846,266.1371,6931.3115
JJA,Tue,20,13,381.0313,272.0386,7049.2023
JJA,Tue,21,13,389.4583,278.1899,7198.6083
JJA,Tue,22,13,392.7463,283.6047,7371.6954
JJA,Tue,23,13,394.0328,292.2245,7689.6696
JJA,Tue,24,13,391.4847,299.8065,8043.5754
JJA,Wed,1,13,382.4401,305.7404,8332.9651
JJA,Wed,2,13,375.5674,307.1798,8507.7045
JJA,Wed,3,13,369.0035,307.9675,8649.5464
JJA,Wed,4,13,362.4845,308.7132,8783.2853
JJA,Wed,5,13,360.4459,308.3872,8813.5788
JJA,Wed,6,13,363.2786,307.6960,8743.6086
JJA,Wed,7,13,368.5520,305.6016,8571.7069
JJA,Wed,8,13,364.5970,298.3040,8305.3719
JJA,Wed,9,13,352.5548,287.8882,8023.1714
JJA,Wed,10,13,346.8284,281.0239,7812.5102
JJA,Wed,11,13,347.6203,276.9144,7613.0016
JJA,Wed,12,13,350.3399,273.7727,7426.9716
JJA,Wed,13,13,354.7983,270.9538,7247.1933
JJA,Wed,14,13,359.4578,268.2423,7089.3298
JJA,Wed,15,13,360.0427,264.5087,6943.0814
JJA,Wed,16,13,361.0745,261.8291,6838.8059
JJA,Wed,17,13,364.1370,261.3093,6785.0245
JJA,Wed,18,13,368.3454,261.9087,6751.7314
JJA,Wed,19,13,375.8142,265.0362,6798.4373
JJA,Wed,20,13,385.7045,271.0481,6937.4781
JJA,Wed,21,13,392.3614,276.4834,7081.6377
JJA,Wed,22,13,394.0798,281.3212,7235.4483
JJA,Wed,23,13,394.2041,290.3056,7552.7813
JJA,Wed,24,13,392.6222,298.7698,7913.8616
JJA,Thu,1,13,385.6804,304.1652,8213.6877
JJA,Thu,2,13,380.8538,306.6762,8390.6796
JJA,Thu,3,13,374.1177,307.3475,8534.2267
JJA,Thu,4,13,368.3575,308.1258,8663.4185
JJA,Thu,5,13,366.8732,308.0784,8697.2241
JJA,Thu,6,13,368.7425,306.7490,8612.4703
JJA,Thu,7,13,373.1916,304.5716,8444.3564
JJA,Thu,8,13,371.3287,297.9480,8172.1468
JJA,Thu,9,13,361.6097,287.9059,7872.6317
JJA,Thu,10,13,355.7800,281.0809,7666.7236
JJA,Thu,11,13,354.6259,276.7200,7496.2834
JJA,Thu,12,13,356.0774,273.3879,7334.0863
JJA,Thu,13,13,360.2867,270.3135,7152.2344
JJA,Thu,14,13,361.5126,266.1144,6984.4667
JJA,Thu,15,13,362.5149,262.3979,6848.8431
JJA,Thu,16,13,364.3271,260.4052,6765.2472
JJA,Thu,17,13,367.1596,260.3713,6727.6935
JJA,Thu,18,13,370.2241,261.1290,6702.7544
JJA,Thu,19,13,376.0845,264.4072,6772.3558
JJA,Thu,20,13,386.7635,270.8279,6916.6313
JJA,Thu,21,13,394.9399,277.6914,7082.8791
JJA,Thu,22,13,397.3532,282.9148,7238.8852
JJA,Thu,23,13,397.6278,291.9027,7547.2396
JJA,Thu,24,13,395.8219,300.2991,7897.4956
JJA,Fri,1,13,389.9197,304.8707,8196.8600
JJA,Fri,2,13,385.2353,307.8133,8403.3044
JJA,Fri,3,13,379.4513,309.5090,8571.1339
JJA,Fri,4,13,373.0694,310.2018,8712.9718
JJA,Fri,5,13,370.1532,309.8332,8752.5346
JJA,Fri,6,13,371.5433,308.5861,8690.0655
JJA,Fri,7,13,375.0314,306.5527,8550.6906
JJA,Fri,8,13,370.8441,299.8926,8310.7033
JJA,Fri,9,13,360.7227,289.4644,7995.1366
JJA,Fri,10,13,354.6742,282.3134,7769.8035
JJA,Fri,11,13,354.4016,277.6377,7572.3703
JJA,Fri,12,13,355.0503,274.1192,7406.1825
JJA,Fri,13,13,356.7555,270.6068,7229.3392
JJA,Fri,14,13,357.8808,266.6883,7058.3099
JJA,Fri,15,13,359.4793,264.0891,6940.9305
JJA,Fri,16,13,362.3472,262.8619,6871.8962
JJA,Fri,17,13,365.4520,262.6399,6826.7781
JJA,Fri,18,13,370.2884,264.1078,6829.8174
JJA,Fri,19,13,375.6593,267.9430,6922.3337
JJA,Fri,20,13,384.7005,274.7397,7093.1110
JJA,Fri,21,13,390.5332,281.2718,7271.7807
JJA,Fri,22,13,393.6378,287.0559,7457.0865
JJA,Fri,23,13,395.4901,295.5808,7759.5534
JJA,Fri,24,13,391.1762,301.2755,8054.6422
JJA,Sat,1,13,381.2278,306.1505,8350.9608
JJA,Sat,2,13,373.4063,307.4815,8535.3091
JJA,Sat,3,13,366.4703,307.9840,8685.1855
JJA,Sat,4,13,359.6553,308.5949,8824.6584
JJA,Sat,5,13,355.5809,309.4117,8928.5981
JJA,Sat,6,13,354.5026,309.6146,8960.6236
JJA,Sat,7,13,353.7688,308.7113,8939.9781
JJA,Sat,8,13,347.1483,302.7483,8777.3485
JJA,Sat,9,13,339.4545,292.7713,8462.3349
JJA,Sat,10,13,337.3918,285.3384,8173.8180
JJA,Sat,11,13,337.2469,280.3871,7955.8319
JJA,Sat,12,13,339.4371,276.1558,7740.0336
JJA,Sat,13,13,342.1783,273.2286,7557.5236
JJA,Sat,14,13,346.0425,271.0030,7405.9101
JJA,Sat,15,13,348.4647,269.1420,7293.1549
JJA,Sat,16,13,350.1633,267.1631,7197.3354
JJA,Sat,17,13,352.5277,266.0512,7116.0927
JJA,Sat,18,13,357.0595,267.4027,7096.7724
JJA,Sat,19,13,365.6947,271.7695,7172.9887
JJA,Sat,20,13,375.5525,278.1728,7317.8553
JJA,Sat,21,13,380.5311,283.9459,7486.8140
JJA,Sat,22,13,383.5214,289.2262,7656.8871
JJA,Sat,23,13,383.7894,296.9144,7951.4437
JJA,Sat,24,13,379.9076,302.8593,8244.8570
JJA,Sun,1,13,371.2984,306.5558,8529.4060
JJA,Sun,2,13,364.3279,307.4246,8702.9017
JJA,Sun,3,13,360.4051,308.3572,8829.6706
JJA,Sun,4,13,356.0725,309.9586,8973.9535
JJA,Sun,5,13,352.7443,311.5942,9096.7120
JJA,Sun,6,13,351.8848,312.1627,9142.4687
JJA,Sun,7,13,350.9105,311.6828,9139.4663
JJA,Sun,8,13,343.8706,306.3433,9000.7818
JJA,Sun,9,13,333.7013,295.7743,8688.9559
JJA,Sun,10,13,330.4068,287.4897,8385.9178
JJA,Sun,11,13,332.9200,282.1139,8124.7878
JJA,Sun,12,13,336.4894,278.3377,7899.0137
JJA,Sun,13,13,341.8883,274.9049,7655.2466
JJA,Sun,14,13,347.8693,272.8600,7474.0224
JJA,Sun,15,13,350.8871,270.6467,7335.3346
JJA,Sun,16,13,352.0799,268.1554,7219.3750
JJA,Sun,17,13,354.4827,266.8530,7123.2389
JJA,Sun,18,13,358.8618,267.2450,7075.5078
JJA,Sun,19,13,367.7530,271.2231,7132.9125
JJA,Sun,20,13,377.5843,277.0955,7253.6974
JJA,Sun,21,13,384.2237,282.7949,7396.8828
JJA,Sun,22,13,386.7432,287.4927,7550.9038
JJA,Sun,23,13,387.7034,295.8410,7866.0890
JJA,Sun,24,13,384.0946,302.5765,8196.8345
SON,Mon,1,12,338.1667,303.9964,8924.1622
SON,Mon,2,12,335.5756,306.1319,9062.0903
SON,Mon,3,12,334.1395,306.9058,9130.8030
SON,Mon,4,12,333.4046,307.6555,9184.7900
SON,Mon,5,12,334.1367,307.1376,9160.9771
SON,Mon,6,12,338.6724,303.8230,8978.1262
SON,Mon,7,12,344.1011,296.7071,8617.8381
SON,Mon,8,12,350.5707,292.0691,8328.8234
SON,Mon,9,12,345.3688,286.7990,8153.6755
SON,Mon,10,12,334.1182,280.6633,8032.4237
SON,Mon,11,12,332.0476,278.7694,7968.5955
SON,Mon,12,12,333.1596,277.9779,7923.7954
SON,Mon,13,12,334.5053,277.0972,7872.4422
SON,Mon,14,12,336.4803,276.2310,7808.3735
SON,Mon,15,12,338.2323,275.8257,7764.7796
SON,Mon,16,12,340.4191,275.3796,7729.2105
SON,Mon,17,12,346.3646,275.2789,7662.8793
SON,Mon,18,12,354.8231,275.2922,7583.3705
SON,Mon,19,12,365.2925,278.8594,7603.6191
SON,Mon,20,12,370.0749,281.7622,7651.2815
SON,Mon,21,12,370.0889,284.2335,7736.2531
SON,Mon,22,12,368.2950,289.3753,7948.1091
SON,Mon,23,12,364.3953,296.2210,8255.4414
SON,Mon,24,12,358.9966,301.3683,8550.7412
SON,Tue,1,13,356.6372,304.1463,8679.2546
SON,Tue,2,13,352.0351,305.8482,8824.0424
SON,Tue,3,13,349.4420,306.6699,8915.4579
SON,Tue,4,13,346.3472,307.2426,8987.4892
SON,Tue,5,13,347.8955,307.0914,8972.5823
SON,Tue,6,13,351.9051,304.4226,8834.7730
SON,Tue,7,13,356.7335,297.4178,8469.6263
SON,Tue,8,13,361.6143,292.9218,8215.6762
SON,Tue,9,13,354.6454,287.4343,8059.0542
SON,Tue,10,13,345.0658,282.3047,7957.0388
SON,Tue,11,13,341.7431,280.1128,7879.1162
SON,Tue,12,13,341.0569,279.0213,7842.0060
SON,Tue,13,13,340.6667,277.8219,7800.1856
SON,Tue,14,13,343.0255,276.5981,7715.5737
SON,Tue,15,13,345.3145,275.6733,7650.0428
SON,Tue,16,13,347.8101,275.0053,7596.0373
SON,Tue,17,13,354.2198,274.5561,7528.4880
SON,Tue,18,13,361.0209,274.4411,7473.0157
SON,Tue,19,13,370.2997,277.2575,7495.4044
SON,Tue,20,13,375.0041,279.7141,7537.0800
SON,Tue,21,13,373.9976,281.9716,7620.3711
SON,Tue,22,13,372.4060,286.8880,7804.1145
SON,Tue,23,13,369.7898,293.9744,8094.2709
SON,Tue,24,13,364.4774,298.6416,8352.9948
SON,Wed,1,14,355.5126,301.9681,8634.6334
SON,Wed,2,14,349.5193,303.5472,8798.4932
SON,Wed,3,14,344.1179,303.9002,8899.6631
SON,Wed,4,14,341.0709,304.3390,8973.3065
SON,Wed,5,14,340.9384,304.1417,8971.9276
SON,Wed,6,14,344.3221,302.3154,8857.9064
SON,Wed,7,14,348.7654,296.3202,8532.5079
SON,Wed,8,14,355.6416,291.4530,8238.1002
SON,Wed,9,14,351.3644,286.5063,8073.4220
SON,Wed,10,14,342.1346,281.4896,7982.9776
SON,Wed,11,14,339.3240,279.5592,7904.0077
SON,Wed,12,14,339.6781,278.3628,7854.4252
SON,Wed,13,14,339.6670,277.3026,7824.1544
SON,Wed,14,14,340.4508,275.8728,7760.9502
SON,Wed,15,14,340.5833,274.6001,7701.6492
SON,Wed,16,14,342.3025,274.3580,7676.8564
SON,Wed,17,14,348.3889,274.7972,7650.2076
SON,Wed,18,14,355.2836,274.9784,7595.1591
SON,Wed,19,14,365.1702,278.2966,7617.8908
SON,Wed,20,14,370.0486,281.2206,7672.3967
SON,Wed,21,14,370.4116,283.8475,7766.0797
SON,Wed,22,14,369.5634,288.6529,7950.7734
SON,Wed,23,14,368.1309,295.5769,8226.3112
SON,Wed,24,14,363.3161,301.3703,8500.8297
SON,Thu,1,13,353.8396,304.3457,8761.0233
SON,Thu,2,13,348.4104,305.5650,8907.5244
SON,Thu,3,13,344.6579,305.8086,8989.1905
SON,Thu,4,13,343.0622,306.5457,9052.9018
SON,Thu,5,13,343.4690,306.6616,9057.9143
SON,Thu,6,13,347.4136,304.1630,8916.5188
SON,Thu,7,13,353.0393,297.8767,8574.5177
SON,Thu,8,13,360.5520,293.8638,8298.9136
SON,Thu,9,13,355.5023,288.7658,8131.9146
SON,Thu,10,13,343.4089,282.5320,8026.7821
SON,Thu,11,13,339.6913,279.9705,7952.8251
SON,Thu,12,13,338.5754,278.6901,7926.0027
SON,Thu,13,13,337.5147,277.2498,7894.9005
SON,Thu,14,13,337.5571,275.8169,7836.6543
SON,Thu,15,13,339.0684,275.7304,7811.0583
SON,Thu,16,13,340.9387,275.4781,7784.1645
SON,Thu,17,13,346.1256,275.9496,7741.4078
SON,Thu,18,13,355.1581,276.7177,7686.1938
SON,Thu,19,13,367.4613,280.8832,7714.1844
SON,Thu,20,13,372.1561,283.4425,7748.7502
SON,Thu,21,13,372.0565,285.0946,7806.4497
SON,Thu,22,13,371.7442,290.1996,7990.4941
SON,Thu,23,13,370.4771,296.6841,8271.2618
SON,Thu,24,13,365.4325,301.5676,8516.1562
SON,Fri,1,13,358.4383,305.3044,8746.0725
SON,Fri,2,13,351.3151,306.7139,8899.6471
SON,Fri,3,13,345.6273,306.7393,8983.0444
SON,Fri,4,13,342.6552,306.7074,9028.7318
SON,Fri,5,13,342.5325,306.3166,9029.3690
SON,Fri,6,13,346.6078,303.9011,8909.6195
SON,Fri,7,13,350.4633,297.0477,8588.6878
SON,Fri,8,13,356.1473,292.1910,8307.1907
SON,Fri,9,13,351.0663,287.0530,8141.9617
SON,Fri,10,13,338.2696,280.6620,8023.7218
SON,Fri,11,13,333.8245,278.9434,7974.8787
SON,Fri,12,13,334.9870,278.9697,7966.2227
SON,Fri,13,13,336.0547,278.8566,7948.0589
SON,Fri,14,13,337.3813,277.8961,7900.3969
SON,Fri,15,13,338.4196,277.4485,7883.4510
SON,Fri,16,13,341.1959,278.0409,7874.0076
SON,Fri,17,13,346.6262,278.8064,7836.0401
SON,Fri,18,13,355.6413,280.1539,7798.7963
SON,Fri,19,13,365.5267,284.9046,7884.6628
SON,Fri,20,13,367.9701,287.4927,7967.1068
SON,Fri,21,13,367.3038,290.2883,8078.1111
SON,Fri,22,13,366.8918,294.5949,8241.5917
SON,Fri,23,13,365.4442,300.1928,8474.1588
SON,Fri,24,13,361.5231,304.9416,8713.4578
SON,Sat,1,13,355.6455,308.4564,8925.3963
SON,Sat,2,13,349.9848,311.1656,9106.0692
SON,Sat,3,13,345.4025,311.8951,9204.4546
SON,Sat,4,13,341.6859,311.9854,9266.0950
SON,Sat,5,13,341.6545,312.1134,9280.8775
SON,Sat,6,13,341.1684,311.8458,9291.2336
SON,Sat,7,13,341.0908,309.5639,9206.1090
SON,Sat,8,13,343.2524,306.7685,9051.0817
SON,Sat,9,13,337.7747,299.6476,8815.7279
SON,Sat,10,13,327.6390,291.6477,8619.9263
SON,Sat,11,13,325.1045,287.8648,8492.1939
SON,Sat,12,13,324.5896,286.2223,8434.9579
SON,Sat,13,13,324.3042,285.1214,8396.6178
SON,Sat,14,13,325.8706,284.2080,8347.1615
SON,Sat,15,13,327.6854,283.3063,8280.5295
SON,Sat,16,13,331.6892,284.0320,8247.7567
SON,Sat,17,13,337.7280,284.7779,8204.3781
SON,Sat,18,13,344.1046,284.9601,8142.8969
SON,Sat,19,13,352.0846,287.3240,8141.8567
SON,Sat,20,13,354.1826,289.4358,8183.7250
SON,Sat,21,13,353.9441,291.7210,8273.3244
SON,Sat,22,13,353.8463,295.7746,8437.8455
SON,Sat,23,13,352.1586,301.1027,8645.5785
SON,Sat,24,13,349.5356,305.4690,8855.2884
SON,Sun,1,13,344.4563,308.6725,9054.1373
SON,Sun,2,13,337.2745,308.9709,9162.6138
SON,Sun,3,13,333.0153,309.7324,9262.6237
SON,Sun,4,13,329.5057,309.8291,9328.6795
SON,Sun,5,13,327.7562,309.8180,9366.8369
SON,Sun,6,13,327.7337,309.7338,9374.7902
SON,Sun,7,13,329.0585,308.2819,9299.1023
SON,Sun,8,13,331.2093,306.0695,9173.3104
SON,Sun,9,13,325.9835,299.2107,8947.7132
SON,Sun,10,13,316.1186,290.7772,8722.8024
SON,Sun,11,13,312.6720,286.2522,8569.3406
SON,Sun,12,13,310.7213,283.3718,8485.8770
SON,Sun,13,13,310.3663,280.9827,8386.4106
SON,Sun,14,13,311.6491,279.2989,8297.0180
SON,Sun,15,13,313.5580,277.9317,8214.3155
SON,Sun,16,13,319.3875,278.2580,8145.1241
SON,Sun,17,13,328.7320,279.2792,8056.4323
SON,Sun,18,13,339.0941,279.2649,7935.9190
SON,Sun,19,13,350.8200,283.0957,7945.4132
SON,Sun,20,13,356.2706,286.0307,7989.6722
SON,Sun,21,13,356.8871,288.5039,8075.8659
SON,Sun,22,13,356.6028,293.9587,8283.9965
SON,Sun,23,13,354.7323,300.2714,8545.5609
SON,Sun,24,13,349.7519,303.9725,8774.1871
